{
  "summary": {
    "accuracy_mean": 0.7569444444444444,
    "accuracy_std": 0.015987311712807397,
    "precision_mean": 0.7867918136173918,
    "precision_std": 0.01045584911776514,
    "recall_mean": 0.7569444444444444,
    "recall_std": 0.015987311712807397,
    "f1_mean": 0.7557534876245371,
    "f1_std": 0.01769914875261611
  }
}