metric;mean;std
accuracy;0.7569444444;0.01598731171
precision;0.7867918136;0.01045584912
recall;0.7569444444;0.01598731171
f1;0.7557534876;0.01769914875
