metric;value
loss;0.7346099251
accuracy;0.7430555556
precision;0.7817804412
recall;0.7430555556
f1;0.7394979315
