metric;value
loss;0.8715215789
accuracy;0.7604166667
precision;0.7895658771
recall;0.7604166667
f1;0.7637314436
