metric;value
loss;0.8082550317
accuracy;0.7847222222
precision;0.7926988693
recall;0.7847222222
f1;0.7853281406
