subset;loss;accuracy;precision;recall;f1
1;0.8448914968;0.7395833333;0.769591593;0.7395833333;0.7368295121
2;0.8082550317;0.7847222222;0.7926988693;0.7847222222;0.7853281406
3;0.8715215789;0.7604166667;0.7895658771;0.7604166667;0.7637314436
4;0.7346099251;0.7430555556;0.7817804412;0.7430555556;0.7394979315
5;0.7996025421;0.7569444444;0.8003222876;0.7569444444;0.7533804103
