metric;value
loss;0.8448914968
accuracy;0.7395833333
precision;0.769591593
recall;0.7395833333
f1;0.7368295121
