metric;value
loss;0.7996025421
accuracy;0.7569444444
precision;0.8003222876
recall;0.7569444444
f1;0.7533804103
