metric;value
loss;0.7545902232
accuracy;0.8645833333
precision;0.8722934491
recall;0.8645833333
f1;0.8630655365
