{
  "summary": {
    "accuracy_mean": 0.22708333333333336,
    "accuracy_std": 0.029917582261858363,
    "precision_mean": 0.18064153013550396,
    "precision_std": 0.047576402070894,
    "recall_mean": 0.22708333333333336,
    "recall_std": 0.029917582261858363,
    "f1_mean": 0.1744047135960375,
    "f1_std": 0.02917170297465625
  }
}