metric;mean;std
accuracy;0.2270833333;0.02991758226
precision;0.1806415301;0.04757640207
recall;0.2270833333;0.02991758226
f1;0.1744047136;0.02917170297
