metric;value
loss;2.436419566
accuracy;0.2118055556
precision;0.2117562001
recall;0.2118055556
f1;0.1736676937
