metric;value
loss;2.486735304
accuracy;0.1875
precision;0.108831011
recall;0.1875
f1;0.1333460947
