subset;loss;accuracy;precision;recall;f1
1;2.309207188;0.2777777778;0.204321077;0.2777777778;0.2193535977
2;2.486735304;0.1875;0.108831011;0.1875;0.1333460947
3;2.567609204;0.2222222222;0.1417830336;0.2222222222;0.1563475838
4;2.322894547;0.2361111111;0.2365163289;0.2361111111;0.189308598
5;2.436419566;0.2118055556;0.2117562001;0.2118055556;0.1736676937
