metric;value
loss;2.567609204
accuracy;0.2222222222
precision;0.1417830336
recall;0.2222222222
f1;0.1563475838
