metric;value
loss;2.322894547
accuracy;0.2361111111
precision;0.2365163289
recall;0.2361111111
f1;0.189308598
