metric;value
loss;2.309207188
accuracy;0.2777777778
precision;0.204321077
recall;0.2777777778
f1;0.2193535977
