metric;mean;std
accuracy;0.4375;0.02751612883
precision;0.5360219051;0.06361917772
recall;0.4375;0.02751612883
f1;0.4177828506;0.04331236866
