{
  "summary": {
    "accuracy_mean": 0.4375,
    "accuracy_std": 0.027516128827998546,
    "precision_mean": 0.5360219050791522,
    "precision_std": 0.0636191777217815,
    "recall_mean": 0.4375,
    "recall_std": 0.027516128827998546,
    "f1_mean": 0.41778285056332287,
    "f1_std": 0.04331236865928259
  }
}