subset;loss;accuracy;precision;recall;f1
1;9.789089547;0.3888888889;0.4113487442;0.3888888889;0.342609366
2;8.086704599;0.4305555556;0.5779575028;0.4305555556;0.4097534427
3;10.6682925;0.4652777778;0.5466029931;0.4652777778;0.431635327
4;9.452859031;0.4409722222;0.5825827378;0.4409722222;0.4293533944
5;9.319705301;0.4618055556;0.5616175474;0.4618055556;0.4755627227
