metric;value
loss;9.789089547
accuracy;0.3888888889
precision;0.4113487442
recall;0.3888888889
f1;0.342609366
