metric;value
loss;9.452859031
accuracy;0.4409722222
precision;0.5825827378
recall;0.4409722222
f1;0.4293533944
