metric;value
loss;10.6682925
accuracy;0.4652777778
precision;0.5466029931
recall;0.4652777778
f1;0.431635327
