metric;value
loss;9.319705301
accuracy;0.4618055556
precision;0.5616175474
recall;0.4618055556
f1;0.4755627227
