metric;value
loss;8.086704599
accuracy;0.4305555556
precision;0.5779575028
recall;0.4305555556
f1;0.4097534427
