{
  "summary": {
    "accuracy_mean": 0.8520833333333332,
    "accuracy_std": 0.015926867973860698,
    "precision_mean": 0.8615610414085497,
    "precision_std": 0.012354200557846183,
    "recall_mean": 0.8520833333333332,
    "recall_std": 0.015926867973860698,
    "f1_mean": 0.8512755690271139,
    "f1_std": 0.01580628710079291
  }
}