metric;value
loss;0.4287820786
accuracy;0.8541666667
precision;0.8635732865
recall;0.8541666667
f1;0.8544637453
