metric;value
loss;0.5585067749
accuracy;0.84375
precision;0.8592674349
recall;0.84375
f1;0.841440279
