metric;value
loss;0.4568153381
accuracy;0.8784722222
precision;0.8823408135
recall;0.8784722222
f1;0.8779053689
