metric;mean;std
accuracy;0.9284722222;0.01530931089
precision;0.9301292856;0.01534003105
recall;0.9284722222;0.01530931089
f1;0.9285040822;0.01525723053
