{
  "summary": {
    "accuracy_mean": 0.9284722222222221,
    "accuracy_std": 0.015309310892394857,
    "precision_mean": 0.9301292856376582,
    "precision_std": 0.015340031052449455,
    "recall_mean": 0.9284722222222221,
    "recall_std": 0.015309310892394857,
    "f1_mean": 0.9285040821706074,
    "f1_std": 0.015257230526414
  }
}