metric;value
loss;0.2390714765
accuracy;0.9131944444
precision;0.9154605487
recall;0.9131944444
f1;0.9133961468
