metric;value
loss;0.1918142363
accuracy;0.9513888889
precision;0.9530138225
recall;0.9513888889
f1;0.9512728732
