metric;value
loss;0.2233270995
accuracy;0.9340277778
precision;0.9341187169
recall;0.9340277778
f1;0.9339606667
