metric;value
loss;0.3867913589
accuracy;0.9097222222
precision;0.9108488573
recall;0.9097222222
f1;0.9096685562
