metric;value
loss;0.2363620996
accuracy;0.9340277778
precision;0.9372044827
recall;0.9340277778
f1;0.934222168
