subset;loss;accuracy;precision;recall;f1
1;0.2390714765;0.9131944444;0.9154605487;0.9131944444;0.9133961468
2;0.1918142363;0.9513888889;0.9530138225;0.9513888889;0.9512728732
3;0.3867913589;0.9097222222;0.9108488573;0.9097222222;0.9096685562
4;0.2233270995;0.9340277778;0.9341187169;0.9340277778;0.9339606667
5;0.2363620996;0.9340277778;0.9372044827;0.9340277778;0.934222168
