metric;mean;std
accuracy;0.1173611111;0.01589655992
precision;0.1244000313;0.02466814153
recall;0.1173611111;0.01589655992
f1;0.08398362733;0.01712397642
