{
  "summary": {
    "accuracy_mean": 0.11736111111111111,
    "accuracy_std": 0.015896559919804997,
    "precision_mean": 0.12440003132720334,
    "precision_std": 0.024668141528092602,
    "recall_mean": 0.11736111111111111,
    "recall_std": 0.015896559919804997,
    "f1_mean": 0.08398362732921706,
    "f1_std": 0.017123976423557414
  }
}