metric;value
loss;19.14923064
accuracy;0.1180555556
precision;0.1499273838
recall;0.1180555556
f1;0.09684990448
