subset;loss;accuracy;precision;recall;f1
1;17.80701955;0.125;0.126227847;0.125;0.08900079702
2;16.78527572;0.1388888889;0.140064422;0.1388888889;0.1059211546
3;17.99451733;0.09027777778;0.1275568795;0.09027777778;0.06325776534
4;21.71868139;0.1145833333;0.07822362426;0.1145833333;0.06488851523
5;19.14923064;0.1180555556;0.1499273838;0.1180555556;0.09684990448
