metric;value
loss;16.78527572
accuracy;0.1388888889
precision;0.140064422
recall;0.1388888889
f1;0.1059211546
