metric;value
loss;17.80701955
accuracy;0.125
precision;0.126227847
recall;0.125
f1;0.08900079702
