metric;value
loss;17.99451733
accuracy;0.09027777778
precision;0.1275568795
recall;0.09027777778
f1;0.06325776534
