metric;value
loss;21.71868139
accuracy;0.1145833333
precision;0.07822362426
recall;0.1145833333
f1;0.06488851523
