subset;loss;accuracy;precision;recall;f1
1;9.752591478;0.4791666667;0.5218622544;0.4791666667;0.4593290565
2;8.752816717;0.5416666667;0.5501807884;0.5416666667;0.5106191333
3;11.05132198;0.4201388889;0.5598642059;0.4201388889;0.3927974546
4;12.81840316;0.5416666667;0.5577528085;0.5416666667;0.5217689507
5;8.327781061;0.53125;0.6119270204;0.53125;0.5387960838
