metric;value
loss;8.752816717
accuracy;0.5416666667
precision;0.5501807884
recall;0.5416666667
f1;0.5106191333
