{
  "summary": {
    "accuracy_mean": 0.8479166666666667,
    "accuracy_std": 0.018162078931419478,
    "precision_mean": 0.8517238530602766,
    "precision_std": 0.016780073800702372,
    "recall_mean": 0.8479166666666667,
    "recall_std": 0.018162078931419478,
    "f1_mean": 0.846846261592554,
    "f1_std": 0.017165499786591897
  }
}