metric;mean;std
accuracy;0.8479166667;0.01816207893
precision;0.8517238531;0.0167800738
recall;0.8479166667;0.01816207893
f1;0.8468462616;0.01716549979
