metric;value
loss;0.7280168864
accuracy;0.8506944444
precision;0.8512078864
recall;0.8506944444
f1;0.8485382266
