subset;loss;accuracy;precision;recall;f1
1;0.8403506577;0.8194444444;0.8277133053;0.8194444444;0.8205504965
2;0.8058497343;0.8402777778;0.8428264563;0.8402777778;0.8383873738
3;0.8353114327;0.8541666667;0.8586037395;0.8541666667;0.8544104862
4;0.7280168864;0.8506944444;0.8512078864;0.8506944444;0.8485382266
5;0.7484002941;0.875;0.8782678778;0.875;0.8723447249
