metric;value
loss;0.7484002941
accuracy;0.875
precision;0.8782678778
recall;0.875
f1;0.8723447249
