metric;value
loss;0.8403506577
accuracy;0.8194444444
precision;0.8277133053
recall;0.8194444444
f1;0.8205504965
