metric;value
loss;0.8058497343
accuracy;0.8402777778
precision;0.8428264563
recall;0.8402777778
f1;0.8383873738
