metric;value
loss;0.8353114327
accuracy;0.8541666667
precision;0.8586037395
recall;0.8541666667
f1;0.8544104862
