metric;mean;std
accuracy;0.88125;0.01881419053
precision;0.8838850857;0.01659572522
recall;0.88125;0.01881419053
f1;0.8809063033;0.01868606353
