{
  "summary": {
    "accuracy_mean": 0.88125,
    "accuracy_std": 0.018814190533533448,
    "precision_mean": 0.8838850856641762,
    "precision_std": 0.016595725223527796,
    "recall_mean": 0.88125,
    "recall_std": 0.018814190533533448,
    "f1_mean": 0.8809063032567988,
    "f1_std": 0.018686063534749706
  }
}