metric;value
loss;0.380728686
accuracy;0.8958333333
precision;0.895979479
recall;0.8958333333
f1;0.8950969429
