metric;value
loss;0.4533980033
accuracy;0.8680555556
precision;0.8740386824
recall;0.8680555556
f1;0.8690627743
