subset;loss;accuracy;precision;recall;f1
1;0.4533980033;0.8680555556;0.8740386824;0.8680555556;0.8690627743
2;0.4530637703;0.8506944444;0.8559566294;0.8506944444;0.8497908611
3;0.5079754955;0.8923611111;0.8932523784;0.8923611111;0.891957135
4;0.380728686;0.8958333333;0.895979479;0.8958333333;0.8950969429
5;0.4176647349;0.8993055556;0.9001982592;0.8993055556;0.898623803
