metric;value
loss;0.4530637703
accuracy;0.8506944444
precision;0.8559566294
recall;0.8506944444
f1;0.8497908611
