metric;value
loss;0.4176647349
accuracy;0.8993055556
precision;0.9001982592
recall;0.8993055556
f1;0.898623803
