metric;value
loss;0.5079754955
accuracy;0.8923611111
precision;0.8932523784
recall;0.8923611111
f1;0.891957135
