{
  "summary": {
    "accuracy_mean": 0.12083333333333335,
    "accuracy_std": 0.03085397207155981,
    "precision_mean": 0.13128734208610646,
    "precision_std": 0.021899013105823272,
    "recall_mean": 0.12083333333333335,
    "recall_std": 0.03085397207155981,
    "f1_mean": 0.09918749598843216,
    "f1_std": 0.028084759191502502
  }
}