metric;mean;std
accuracy;0.1208333333;0.03085397207
precision;0.1312873421;0.02189901311
recall;0.1208333333;0.03085397207
f1;0.09918749599;0.02808475919
