subset;loss;accuracy;precision;recall;f1
1;16.25550477;0.08333333333;0.1154078094;0.08333333333;0.06817153895
2;17.14544757;0.09027777778;0.09803069522;0.09027777778;0.06997044
3;17.49495909;0.1631944444;0.1596241363;0.1631944444;0.1387712904
4;17.11339479;0.1458333333;0.1384941806;0.1458333333;0.1227043501
5;18.74979856;0.1215277778;0.1448798889;0.1215277778;0.09631986047
