metric;value
loss;17.11339479
accuracy;0.1458333333
precision;0.1384941806
recall;0.1458333333
f1;0.1227043501
