metric;value
loss;17.14544757
accuracy;0.09027777778
precision;0.09803069522
recall;0.09027777778
f1;0.06997044
