metric;value
loss;17.49495909
accuracy;0.1631944444
precision;0.1596241363
recall;0.1631944444
f1;0.1387712904
