metric;mean;std
accuracy;0.7569444444;0.01583576979
precision;0.7883508752;0.01573995611
recall;0.7569444444;0.01583576979
f1;0.7552902718;0.01765513033
