{
  "summary": {
    "accuracy_mean": 0.7569444444444444,
    "accuracy_std": 0.015835769793043578,
    "precision_mean": 0.7883508752457592,
    "precision_std": 0.015739956107316423,
    "recall_mean": 0.7569444444444444,
    "recall_std": 0.015835769793043578,
    "f1_mean": 0.7552902718058355,
    "f1_std": 0.017655130331098334
  }
}