metric;value
loss;0.8977856686
accuracy;0.7534722222
precision;0.8013647242
recall;0.7534722222
f1;0.758112789
