metric;value
loss;0.8216945678
accuracy;0.7361111111
precision;0.7585451418
recall;0.7361111111
f1;0.7286629278
