metric;value
loss;1.018794056
accuracy;0.78125
precision;0.8003432852
recall;0.78125
f1;0.7796929782
