metric;value
loss;1.056487663
accuracy;0.7673611111
precision;0.7943320721
recall;0.7673611111
f1;0.7660788311
