subset;loss;accuracy;precision;recall;f1
1;1.056487663;0.7673611111;0.7943320721;0.7673611111;0.7660788311
2;0.8216945678;0.7361111111;0.7585451418;0.7361111111;0.7286629278
3;0.8977856686;0.7534722222;0.8013647242;0.7534722222;0.758112789
4;0.7461271634;0.7465277778;0.787169153;0.7465277778;0.7439038329
5;1.018794056;0.78125;0.8003432852;0.78125;0.7796929782
