metric;value
loss;0.7461271634
accuracy;0.7465277778
precision;0.787169153
recall;0.7465277778
f1;0.7439038329
