metric;mean;std
accuracy;0.8493055556;0.01765036809
precision;0.8521372301;0.0183131778
recall;0.8493055556;0.01765036809
f1;0.8480012045;0.01704971759
