{
  "summary": {
    "accuracy_mean": 0.8493055555555555,
    "accuracy_std": 0.017650368093248384,
    "precision_mean": 0.8521372301429772,
    "precision_std": 0.018313177796960674,
    "recall_mean": 0.8493055555555555,
    "recall_std": 0.017650368093248384,
    "f1_mean": 0.8480012044698668,
    "f1_std": 0.017049717586765788
  }
}