metric;value
loss;0.7510142807
accuracy;0.8784722222
precision;0.884489143
recall;0.8784722222
f1;0.8758320512
