metric;value
loss;0.8327561749
accuracy;0.8263888889
precision;0.8324057793
recall;0.8263888889
f1;0.827238224
