metric;value
loss;0.7242528598
accuracy;0.8506944444
precision;0.8510510176
recall;0.8506944444
f1;0.8496223436
