metric;value
loss;0.8323861758
accuracy;0.8541666667
precision;0.8556756595
recall;0.8541666667
f1;0.8538407448
