subset;loss;accuracy;precision;recall;f1
1;0.8327561749;0.8263888889;0.8324057793;0.8263888889;0.827238224
2;0.8138771852;0.8368055556;0.8370645513;0.8368055556;0.8334726588
3;0.8323861758;0.8541666667;0.8556756595;0.8541666667;0.8538407448
4;0.7242528598;0.8506944444;0.8510510176;0.8506944444;0.8496223436
5;0.7510142807;0.8784722222;0.884489143;0.8784722222;0.8758320512
