metric;mean;std
accuracy;0.5027777778;0.04737516084
precision;0.5603174155;0.02916122272
recall;0.5027777778;0.04737516084
f1;0.4846621358;0.05303216064
