{
  "summary": {
    "accuracy_mean": 0.5027777777777778,
    "accuracy_std": 0.047375160835584816,
    "precision_mean": 0.5603174155116369,
    "precision_std": 0.029161222722913056,
    "recall_mean": 0.5027777777777778,
    "recall_std": 0.047375160835584816,
    "f1_mean": 0.4846621357667207,
    "f1_std": 0.05303216064436952
  }
}