metric;value
loss;9.752591478
accuracy;0.4791666667
precision;0.5218622544
recall;0.4791666667
f1;0.4593290565
