metric;value
loss;12.81840316
accuracy;0.5416666667
precision;0.5577528085
recall;0.5416666667
f1;0.5217689507
