metric;value
loss;11.05132198
accuracy;0.4201388889
precision;0.5598642059
recall;0.4201388889
f1;0.3927974546
