metric;value
loss;8.327781061
accuracy;0.53125
precision;0.6119270204
recall;0.53125
f1;0.5387960838
