metric;value
loss;0.8358714845
accuracy;0.8472222222
precision;0.8521149781
recall;0.8472222222
f1;0.847322797
