{
  "summary": {
    "accuracy_mean": 0.8409722222222221,
    "accuracy_std": 0.014467129622221998,
    "precision_mean": 0.845691658854854,
    "precision_std": 0.015125152011367445,
    "recall_mean": 0.8409722222222221,
    "recall_std": 0.014467129622221998,
    "f1_mean": 0.8400732613647557,
    "f1_std": 0.01389399127863438
  }
}