metric;mean;std
accuracy;0.8409722222;0.01446712962
precision;0.8456916589;0.01512515201
recall;0.8409722222;0.01446712962
f1;0.8400732614;0.01389399128
