metric;value
loss;0.7245598038
accuracy;0.8402777778
precision;0.840302103
recall;0.8402777778
f1;0.838751276
