metric;value
loss;0.8137572706
accuracy;0.8298611111
precision;0.8337853574
recall;0.8298611111
f1;0.8285063409
