metric;value
loss;0.8362588949
accuracy;0.8229166667
precision;0.8302391902
recall;0.8229166667
f1;0.8233837607
