subset;loss;accuracy;precision;recall;f1
1;0.8362588949;0.8229166667;0.8302391902;0.8229166667;0.8233837607
2;0.8137572706;0.8298611111;0.8337853574;0.8298611111;0.8285063409
3;0.8358714845;0.8472222222;0.8521149781;0.8472222222;0.847322797
4;0.7245598038;0.8402777778;0.840302103;0.8402777778;0.838751276
5;0.7520127942;0.8645833333;0.8720166655;0.8645833333;0.8624021322
