metric;value
loss;0.7520127942
accuracy;0.8645833333
precision;0.8720166655
recall;0.8645833333
f1;0.8624021322
