{
  "summary": {
    "accuracy_mean": 0.7527777777777778,
    "accuracy_std": 0.041573970964154876,
    "precision_mean": 0.7775929510257348,
    "precision_std": 0.03995512449688271,
    "recall_mean": 0.7527777777777778,
    "recall_std": 0.041573970964154876,
    "f1_mean": 0.7474266286061214,
    "f1_std": 0.046037384699835496
  }
}