metric;mean;std
accuracy;0.7527777778;0.04157397096
precision;0.777592951;0.0399551245
recall;0.7527777778;0.04157397096
f1;0.7474266286;0.0460373847
