metric;value
loss;0.8536469291
accuracy;0.7604166667
precision;0.7772516759
recall;0.7604166667
f1;0.7588233905
