subset;loss;accuracy;precision;recall;f1
1;0.8536469291;0.7604166667;0.7772516759;0.7604166667;0.7588233905
2;0.838782539;0.6770833333;0.7080452716;0.6770833333;0.6631280395
3;1.020727702;0.7951388889;0.8033514145;0.7951388889;0.7921542742
4;0.7974484869;0.7847222222;0.8271155737;0.7847222222;0.7834637889
5;0.9071384619;0.7465277778;0.7722008194;0.7465277778;0.7395636499
