metric;value
loss;0.9071384619
accuracy;0.7465277778
precision;0.7722008194
recall;0.7465277778
f1;0.7395636499
