metric;value
loss;0.838782539
accuracy;0.6770833333
precision;0.7080452716
recall;0.6770833333
f1;0.6631280395
