metric;value
loss;0.7974484869
accuracy;0.7847222222
precision;0.8271155737
recall;0.7847222222
f1;0.7834637889
