metric;value
loss;1.020727702
accuracy;0.7951388889
precision;0.8033514145
recall;0.7951388889
f1;0.7921542742
