{
  "summary": {
    "accuracy_mean": 0.7659722222222222,
    "accuracy_std": 0.02202604378771349,
    "precision_mean": 0.7853947817560818,
    "precision_std": 0.015420369494957759,
    "recall_mean": 0.7659722222222222,
    "recall_std": 0.02202604378771349,
    "f1_mean": 0.7620218833520936,
    "f1_std": 0.02199573475888313
  }
}