metric;mean;std
accuracy;0.7659722222;0.02202604379
precision;0.7853947818;0.01542036949
recall;0.7659722222;0.02202604379
f1;0.7620218834;0.02199573476
