metric;value
loss;0.8063548423
accuracy;0.7534722222
precision;0.7686882142
recall;0.7534722222
f1;0.7546323677
