subset;loss;accuracy;precision;recall;f1
1;0.8063548423;0.7534722222;0.7686882142;0.7534722222;0.7546323677
2;0.7604096557;0.8055555556;0.8118848135;0.8055555556;0.8024728953
3;0.9437829306;0.7465277778;0.7722692167;0.7465277778;0.7362244293
4;0.7374839046;0.75;0.7831772259;0.75;0.7541307171
5;0.8413603289;0.7743055556;0.7909544385;0.7743055556;0.7626490073
