metric;value
loss;0.8413603289
accuracy;0.7743055556
precision;0.7909544385
recall;0.7743055556
f1;0.7626490073
