metric;value
loss;0.7604096557
accuracy;0.8055555556
precision;0.8118848135
recall;0.8055555556
f1;0.8024728953
