metric;value
loss;0.9437829306
accuracy;0.7465277778
precision;0.7722692167
recall;0.7465277778
f1;0.7362244293
