metric;value
loss;0.7374839046
accuracy;0.75
precision;0.7831772259
recall;0.75
f1;0.7541307171
