{
  "summary": {
    "accuracy_mean": 0.7631944444444445,
    "accuracy_std": 0.03426082328762226,
    "precision_mean": 0.7868128233770827,
    "precision_std": 0.0282824936284844,
    "recall_mean": 0.7631944444444445,
    "recall_std": 0.03426082328762226,
    "f1_mean": 0.7574012933619014,
    "f1_std": 0.03536119697289936
  }
}