metric;mean;std
accuracy;0.7631944444;0.03426082329
precision;0.7868128234;0.02828249363
recall;0.7631944444;0.03426082329
f1;0.7574012934;0.03536119697
