metric;value
loss;0.8880458656
accuracy;0.7395833333
precision;0.7692458394
recall;0.7395833333
f1;0.7419176446
