metric;value
loss;0.8674023466
accuracy;0.7534722222
precision;0.7826038799
recall;0.7534722222
f1;0.7470301911
