metric;value
loss;0.6115543822
accuracy;0.8298611111
precision;0.8401270622
recall;0.8298611111
f1;0.8266430329
