metric;value
loss;0.7551576379
accuracy;0.7569444444
precision;0.7839557257
recall;0.7569444444
f1;0.7449038374
