subset;loss;accuracy;precision;recall;f1
1;0.8596294001;0.7361111111;0.7581316096;0.7361111111;0.7265117609
2;0.7551576379;0.7569444444;0.7839557257;0.7569444444;0.7449038374
3;0.8880458656;0.7395833333;0.7692458394;0.7395833333;0.7419176446
4;0.6115543822;0.8298611111;0.8401270622;0.8298611111;0.8266430329
5;0.8674023466;0.7534722222;0.7826038799;0.7534722222;0.7470301911
