metric;value
loss;16.07122125
accuracy;0.1458333333
precision;0.110362913
recall;0.1458333333
f1;0.115120676
