metric;value
loss;18.57550663
accuracy;0.1215277778
precision;0.1268210853
recall;0.1215277778
f1;0.1151653697
