metric;value
loss;18.3167341
accuracy;0.09375
precision;0.1141282765
recall;0.09375
f1;0.06428488162
