metric;mean;std
accuracy;0.84375;0.01914451216
precision;0.8474904955;0.02042583192
recall;0.84375;0.01914451216
f1;0.8429016077;0.01902660378
