{
  "summary": {
    "accuracy_mean": 0.84375,
    "accuracy_std": 0.019144512155680877,
    "precision_mean": 0.8474904954880025,
    "precision_std": 0.020425831917168572,
    "recall_mean": 0.84375,
    "recall_std": 0.019144512155680877,
    "f1_mean": 0.8429016076842334,
    "f1_std": 0.0190266037808191
  }
}