metric;value
loss;0.811467323
accuracy;0.8333333333
precision;0.8349548521
recall;0.8333333333
f1;0.8314469548
