subset;loss;accuracy;precision;recall;f1
1;0.8385441403;0.8125;0.8162779479;0.8125;0.8125574118
2;0.811467323;0.8333333333;0.8349548521;0.8333333333;0.8314469548
3;0.8392601411;0.8611111111;0.8659090644;0.8611111111;0.8613826196
4;0.7161698275;0.8472222222;0.848017164;0.8472222222;0.8460555157
5;0.7545902232;0.8645833333;0.8722934491;0.8645833333;0.8630655365
