metric;value
loss;0.8392601411
accuracy;0.8611111111
precision;0.8659090644
recall;0.8611111111
f1;0.8613826196
