metric;value
loss;0.7161698275
accuracy;0.8472222222
precision;0.848017164
recall;0.8472222222
f1;0.8460555157
