metric;value
loss;0.8385441403
accuracy;0.8125
precision;0.8162779479
recall;0.8125
f1;0.8125574118
