{
  "summary": {
    "accuracy_mean": 0.16875,
    "accuracy_std": 0.01433317183371548,
    "precision_mean": 0.1348095544985346,
    "precision_std": 0.05621529953765381,
    "recall_mean": 0.16875,
    "recall_std": 0.01433317183371548,
    "f1_mean": 0.11757978878340158,
    "f1_std": 0.0219329605720149
  }
}