metric;mean;std
accuracy;0.16875;0.01433317183
precision;0.1348095545;0.05621529954
recall;0.16875;0.01433317183
f1;0.1175797888;0.02193296057
