metric;value
loss;2.622520924
accuracy;0.15625
precision;0.208677942
recall;0.15625
f1;0.1208654407
