metric;value
loss;2.392018868
accuracy;0.1875
precision;0.1125324922
recall;0.1875
f1;0.1225623793
