metric;value
loss;2.413071427
accuracy;0.1631944444
precision;0.0969005769
recall;0.1631944444
f1;0.1035754305
