metric;value
loss;2.307925277
accuracy;0.1840277778
precision;0.1924559742
recall;0.1840277778
f1;0.1532889682
