subset;loss;accuracy;precision;recall;f1
1;2.622520924;0.15625;0.208677942;0.15625;0.1208654407
2;2.559780757;0.1527777778;0.06348078718;0.1527777778;0.08760672527
3;2.413071427;0.1631944444;0.0969005769;0.1631944444;0.1035754305
4;2.392018868;0.1875;0.1125324922;0.1875;0.1225623793
5;2.307925277;0.1840277778;0.1924559742;0.1840277778;0.1532889682
