metric;value
loss;2.559780757
accuracy;0.1527777778
precision;0.06348078718
recall;0.1527777778
f1;0.08760672527
