metric;value
loss;0.8596294001
accuracy;0.7361111111
precision;0.7581316096
recall;0.7361111111
f1;0.7265117609
