{
  "summary": {
    "accuracy_mean": 0.7791666666666667,
    "accuracy_std": 0.01577474540500077,
    "precision_mean": 0.802152125708206,
    "precision_std": 0.012809750278563344,
    "recall_mean": 0.7791666666666667,
    "recall_std": 0.01577474540500077,
    "f1_mean": 0.7757723770074226,
    "f1_std": 0.015977653239518674
  }
}