metric;mean;std
accuracy;0.7791666667;0.01577474541
precision;0.8021521257;0.01280975028
recall;0.7791666667;0.01577474541
f1;0.775772377;0.01597765324
