subset;loss;accuracy;precision;recall;f1
1;0.7620904959;0.7569444444;0.7917611944;0.7569444444;0.7572844385
2;0.671702779;0.78125;0.8103810799;0.78125;0.777905175
3;0.7898246;0.8020833333;0.8148238821;0.8020833333;0.79762224
4;0.6971483678;0.7881944444;0.8115423758;0.7881944444;0.7878162601
5;1.003289882;0.7673611111;0.7822520964;0.7673611111;0.7582337715
