metric;value
loss;0.6971483678
accuracy;0.7881944444
precision;0.8115423758
recall;0.7881944444
f1;0.7878162601
