metric;value
loss;0.7620904959
accuracy;0.7569444444
precision;0.7917611944
recall;0.7569444444
f1;0.7572844385
