metric;value
loss;1.003289882
accuracy;0.7673611111
precision;0.7822520964
recall;0.7673611111
f1;0.7582337715
