metric;value
loss;0.7898246
accuracy;0.8020833333
precision;0.8148238821
recall;0.8020833333
f1;0.79762224
