metric;value
loss;0.671702779
accuracy;0.78125
precision;0.8103810799
recall;0.78125
f1;0.777905175
