{
  "summary": {
    "accuracy_mean": 0.9291666666666666,
    "accuracy_std": 0.01364366854471424,
    "precision_mean": 0.9316606810617856,
    "precision_std": 0.013340881055568628,
    "recall_mean": 0.9291666666666666,
    "recall_std": 0.01364366854471424,
    "f1_mean": 0.9289508794526402,
    "f1_std": 0.013739912013522034
  }
}