metric;mean;std
accuracy;0.9291666667;0.01364366854
precision;0.9316606811;0.01334088106
recall;0.9291666667;0.01364366854
f1;0.9289508795;0.01373991201
