metric;value
loss;0.2112540893
accuracy;0.9166666667
precision;0.9207483489
recall;0.9166666667
f1;0.916798295
