metric;value
loss;0.1712575376
accuracy;0.9444444444
precision;0.9465099562
recall;0.9444444444
f1;0.9447988806
