subset;loss;accuracy;precision;recall;f1
1;0.2112540893;0.9166666667;0.9207483489;0.9166666667;0.916798295
2;0.1945331216;0.9409722222;0.9440038829;0.9409722222;0.9402041973
3;0.3965507507;0.9097222222;0.9120002054;0.9097222222;0.9090928139
4;0.1937793568;0.9340277778;0.9350410119;0.9340277778;0.9338602105
5;0.1712575376;0.9444444444;0.9465099562;0.9444444444;0.9447988806
