metric;value
loss;0.1937793568
accuracy;0.9340277778
precision;0.9350410119
recall;0.9340277778
f1;0.9338602105
