metric;value
loss;0.1945331216
accuracy;0.9409722222
precision;0.9440038829
recall;0.9409722222
f1;0.9402041973
