metric;value
loss;0.3965507507
accuracy;0.9097222222
precision;0.9120002054
recall;0.9097222222
f1;0.9090928139
