metric;value
loss;0.8138771852
accuracy;0.8368055556
precision;0.8370645513
recall;0.8368055556
f1;0.8334726588
