metric;mean;std
accuracy;0.8520833333;0.01592686797
precision;0.8615610414;0.01235420056
recall;0.8520833333;0.01592686797
f1;0.851275569;0.0158062871
