metric;value
loss;0.406752336
accuracy;0.8541666667
precision;0.8587928203
recall;0.8541666667
f1;0.8520892258
