metric;value
loss;0.5850816786
accuracy;0.8298611111
precision;0.8438308519
recall;0.8298611111
f1;0.830479226
