subset;loss;accuracy;precision;recall;f1
1;0.4287820786;0.8541666667;0.8635732865;0.8541666667;0.8544637453
2;0.4568153381;0.8784722222;0.8823408135;0.8784722222;0.8779053689
3;0.5850816786;0.8298611111;0.8438308519;0.8298611111;0.830479226
4;0.406752336;0.8541666667;0.8587928203;0.8541666667;0.8520892258
5;0.5585067749;0.84375;0.8592674349;0.84375;0.841440279
