metric;mean;std
accuracy;0.8833333333;0.01883980551
precision;0.8872822515;0.01575381787
recall;0.8833333333;0.01883980551
f1;0.8831243009;0.01852907294
