{
  "summary": {
    "accuracy_mean": 0.8833333333333334,
    "accuracy_std": 0.018839805508681317,
    "precision_mean": 0.8872822515329434,
    "precision_std": 0.015753817872139798,
    "recall_mean": 0.8833333333333334,
    "recall_std": 0.018839805508681317,
    "f1_mean": 0.8831243008560861,
    "f1_std": 0.018529072935880055
  }
}