metric;value
loss;0.4517649644
accuracy;0.8576388889
precision;0.8648148908
recall;0.8576388889
f1;0.8566305691
