metric;value
loss;0.5068518279
accuracy;0.8923611111
precision;0.8945651988
recall;0.8923611111
f1;0.8922673256
