metric;value
loss;0.451160498
accuracy;0.8645833333
precision;0.8734026626
recall;0.8645833333
f1;0.8661497369
