metric;value
loss;0.4161931434
accuracy;0.90625
precision;0.9076490264
recall;0.90625
f1;0.9054769297
