subset;loss;accuracy;precision;recall;f1
1;0.451160498;0.8645833333;0.8734026626;0.8645833333;0.8661497369
2;0.4517649644;0.8576388889;0.8648148908;0.8576388889;0.8566305691
3;0.5068518279;0.8923611111;0.8945651988;0.8923611111;0.8922673256
4;0.3784402112;0.8958333333;0.895979479;0.8958333333;0.8950969429
5;0.4161931434;0.90625;0.9076490264;0.90625;0.9054769297
