{
  "summary": {
    "accuracy_mean": 0.7659722222222223,
    "accuracy_std": 0.024513003603781648,
    "precision_mean": 0.8021008292074528,
    "precision_std": 0.01925057893716755,
    "recall_mean": 0.7659722222222223,
    "recall_std": 0.024513003603781648,
    "f1_mean": 0.7666660972774737,
    "f1_std": 0.02697987159397724
  }
}