metric;mean;std
accuracy;0.7659722222;0.0245130036
precision;0.8021008292;0.01925057894
recall;0.7659722222;0.0245130036
f1;0.7666660973;0.02697987159
