metric;value
loss;0.8183191344
accuracy;0.7638888889
precision;0.8042857786
recall;0.7638888889
f1;0.7700751008
