metric;value
loss;0.8868411034
accuracy;0.7222222222
precision;0.7674151473
recall;0.7222222222
f1;0.7146907209
