subset;loss;accuracy;precision;recall;f1
1;0.8183191344;0.7638888889;0.8042857786;0.7638888889;0.7700751008
2;0.9291903832;0.7673611111;0.8241381652;0.7673611111;0.7771667798
3;0.8868411034;0.7222222222;0.7674151473;0.7222222222;0.7146907209
4;0.6082353584;0.78125;0.8000983065;0.78125;0.7789260711
5;0.6983787558;0.7951388889;0.8145667484;0.7951388889;0.7924718138
