metric;value
loss;0.6082353584
accuracy;0.78125
precision;0.8000983065
recall;0.78125
f1;0.7789260711
