metric;value
loss;0.9291903832
accuracy;0.7673611111
precision;0.8241381652
recall;0.7673611111
f1;0.7771667798
