metric;value
loss;0.6983787558
accuracy;0.7951388889
precision;0.8145667484
recall;0.7951388889
f1;0.7924718138
