metric;value
loss;16.25550477
accuracy;0.08333333333
precision;0.1154078094
recall;0.08333333333
f1;0.06817153895
