metric;value
loss;18.74979856
accuracy;0.1215277778
precision;0.1448798889
recall;0.1215277778
f1;0.09631986047
